train_size,test_size,accuracy,recall,precision,auprc,auroc
39352,40594,0.954623836034882,0.6498166579360922,0.8308774279973208,0.77544132960915,0.9251128196948541
